ccy,country,inflation_pressure,real_carry,fx_valuation,terms_of_trade,fiscal_thrust,credit_gap_shortfall,COMPOSITE
HUF,Hungary,2.31,1.68,-1.63,-0.87,0.33,1.21,1.31
ZAR,South Africa,0.78,0.07,-0.16,1.14,0.22,0.73,1.2
MYR,Malaysia,0.79,-0.16,-0.4,0.82,0.87,0.26,0.94
CLP,Chile,0.04,-0.53,-0.38,0.87,1.04,0.79,0.79
MXN,Mexico,0.51,0.58,-0.63,0.35,0.72,-0.04,0.64
PEN,Peru,-0.88,-0.74,0.26,1.16,0.75,0.91,0.63
CZK,Czechia,0.79,0.45,-1.03,-0.61,1.22,0.43,0.53
IDR,Indonesia,0.18,0.42,-0.26,0.77,0.4,-0.58,0.4
BRL,Brazil,-0.01,2.51,-0.7,1.05,-1.3,-0.99,0.24
THB,Thailand,0.2,-1.48,0.03,-0.64,0.73,1.33,0.07
COP,Colombia,-0.76,0.83,-0.35,1.57,-1.51,-0.16,-0.17
KRW,South Korea,-0.21,-0.71,-0.02,-1.36,0.71,0.55,-0.44
PHP,Philippines,-0.72,-0.96,2.49,-0.67,-0.32,-0.87,-0.45
PLN,Poland,0.05,-0.52,0.43,-0.71,-1.01,0.61,-0.5
INR,India,0.3,-0.55,-0.17,-1.12,-0.26,-1.29,-1.33
RON,Romania,-1.07,-0.58,0.47,-0.37,-2.21,-0.46,-1.82
TRY,Turkey,-2.31,-0.3,2.04,-1.38,-0.39,-2.42,-2.06
