ccy,total_pnl_pct,avg_abs_dv01_yrs,months_held,pct_months_receive
HUF,32.9236,2.399,186,0.2903
IDR,32.731,3.2305,183,0.6452
THB,28.9174,3.0579,156,0.6826
PLN,20.5602,1.7731,115,0.2991
TRY,12.8999,0.6242,91,0.0645
KRW,9.9422,4.1481,186,0.5323
ZAR,8.7011,1.7399,186,0.7903
MYR,5.8216,7.2003,173,0.7371
PEN,4.6047,0.6924,39,0.475
INR,3.0409,3.5842,185,0.4785
CLP,0.551,1.1447,61,0.2344
CZK,0.4368,4.4781,159,0.1152
MXN,0.3253,1.7323,13,1.0
PHP,0.0924,1.4746,93,0.5051
RON,-0.0794,1.6544,127,0.447
BRL,-1.2444,0.6144,70,0.8028
COP,-6.7296,0.73,59,0.4
