,ridge gross,ridge net,parity gross,parity net
ann_return_pct,9.902879396202358,6.366403482475832,7.591545110045541,3.657055051099868
ann_vol_pct,10.109208368790494,10.101686291287555,9.845560411357287,9.881885360783867
sharpe,0.97958999705406,0.6302317552631477,0.7710627727486553,0.3700766521349097
sharpe_t,3.8566496750534376,2.481224901697155,3.035677171990146,1.4569932364491045
sortino,1.6012761394401671,1.0230091769703906,1.2238468324755558,0.57492438504709
max_drawdown_pct,-14.649837138411876,-17.95524424965718,-13.665950993521001,-20.086552330785523
hit_rate,0.6075268817204301,0.5752688172043011,0.5860215053763441,0.532258064516129
worst_month_pct,-13.078538759523063,-13.387923550354706,-9.640477940896478,-10.197743351542957
n_months,186,186,186,186
start,2011-02,2011-02,2011-02,2011-02
end,2026-07,2026-07,2026-07,2026-07
