date,gross,trade_cost,roll_cost,net,n_mkts,gross_lev,exante_vol,dv01_turnover,live
2008-01,3.19058,0.30987,0.05164,2.82907,9,3.21229,10.0,13.51953,False
2008-02,0.91815,0.17365,0.07706,0.66744,9,5.00789,10.0,9.5587,False
2008-03,-4.54684,0.11377,0.08652,-4.74713,9,5.95001,10.0,6.60576,False
2008-04,2.77724,0.15837,0.07902,2.53985,9,5.86635,10.0,7.4973,False
2008-05,6.26505,0.0882,0.07365,6.1032,9,6.14696,10.0,4.75079,False
2008-06,-2.08727,0.08368,0.06805,-2.23899,9,5.90079,10.0,3.57913,False
2008-07,-4.81461,0.12092,0.06106,-4.99659,9,5.27553,10.0,6.95438,False
2008-08,-5.21339,0.11868,0.05505,-5.38712,9,4.90223,10.0,5.36203,False
2008-09,-16.78692,0.12618,0.0539,-16.967,9,4.19877,10.0,5.59504,False
2008-10,2.97761,0.07798,0.05909,2.84054,9,3.25734,10.0,3.90658,False
2008-11,-4.98261,0.09071,0.05289,-5.12621,9,2.8861,10.0,4.1639,False
2008-12,0.84284,0.19133,0.05966,0.59185,9,3.44261,10.0,8.28614,False
2009-01,-2.2353,0.23623,0.04231,-2.51384,9,2.63167,10.0,8.38387,False
2009-02,1.52934,0.11964,0.03636,1.37334,9,2.63435,10.0,4.30264,False
2009-03,0.5314,0.06057,0.03609,0.43475,9,2.50888,10.0,2.19885,False
2009-04,-2.20717,0.09015,0.04139,-2.33872,9,2.72487,10.0,3.45211,False
2009-05,0.55691,0.05032,0.041,0.4656,9,2.62358,10.0,2.89161,False
2009-06,-1.42966,0.06733,0.03893,-1.53592,9,2.96848,10.0,3.37587,False
2009-07,-1.25876,0.05848,0.02874,-1.34599,9,2.54924,10.0,3.10739,False
2009-08,-1.68542,0.03597,0.02858,-1.74996,9,2.80243,10.0,1.90173,False
2009-09,-1.54569,0.07263,0.0327,-1.65102,8,3.26776,10.0,4.32308,False
2009-10,0.38831,0.08924,0.03385,0.26522,7,3.40922,10.0,5.69857,False
2009-11,0.62086,0.09115,0.0386,0.49112,8,3.5015,10.0,4.30082,False
2009-12,0.09162,0.08571,0.03288,-0.02697,7,3.18287,10.0,4.51164,False
2010-01,0.82187,0.07508,0.03717,0.70962,8,3.45358,10.0,5.0709,False
2010-02,-0.14793,0.04184,0.04189,-0.23166,7,3.98256,10.0,2.64665,False
2010-03,1.54591,0.05561,0.04089,1.44941,7,3.9916,10.0,4.01517,False
2010-04,0.81903,0.03987,0.04072,0.73844,7,3.82508,10.0,3.37933,False
2010-05,2.35902,0.04517,0.04002,2.27383,6,3.89275,10.0,2.89825,False
2010-06,1.66478,0.03483,0.04195,1.588,6,4.10033,10.0,2.20605,False
2010-07,1.393,0.04132,0.04366,1.30803,7,4.33138,10.0,2.96492,False
2010-08,0.99626,0.07415,0.05206,0.87005,8,4.95242,10.0,4.25751,False
2010-09,-0.08396,0.05409,0.05517,-0.19321,8,5.60244,10.0,3.87667,False
2010-10,1.4247,0.30009,0.04186,1.08276,7,3.78631,10.0,18.24575,False
2010-11,0.12074,0.26125,0.05805,-0.19856,7,3.37945,10.0,14.23962,False
2010-12,-0.42301,0.15121,0.05072,-0.62493,8,3.93221,10.0,9.5429,False
2011-01,-0.92055,0.16343,0.04512,-1.12909,8,4.42153,10.0,10.25807,False
2011-02,-0.69797,0.14986,0.04237,-0.8902,8,4.86139,10.0,8.75961,False
2011-03,1.55088,0.10051,0.04109,1.40928,8,5.23566,10.0,5.11802,False
2011-04,3.5551,0.08631,0.04921,3.41958,7,5.31176,10.0,5.14865,False
2011-05,-3.42716,0.05342,0.05681,-3.53739,7,5.83112,10.0,3.14904,False
2011-06,0.26628,0.04078,0.06116,0.16435,7,6.28137,10.0,2.76264,False
2011-07,6.22531,0.05942,0.06523,6.10066,7,6.67775,10.0,3.45966,False
2011-08,2.38164,0.12526,0.06586,2.19052,8,6.67485,10.0,8.63835,False
2011-09,5.53278,0.17801,0.06967,5.2851,9,6.62114,10.0,8.04389,False
2011-10,-2.28295,0.15439,0.05406,-2.4914,8,6.34068,10.0,8.10377,False
2011-11,-2.26714,0.18162,0.07144,-2.5202,10,7.27506,10.0,11.1716,False
2011-12,-3.592,0.16909,0.07641,-3.83751,9,7.9256,10.0,10.42931,False
2012-01,-2.23945,0.26914,0.05454,-2.56314,8,6.09993,10.0,18.68522,False
2012-02,2.97232,0.04946,0.05956,2.8633,8,6.56663,10.0,3.9965,False
2012-03,-1.81498,0.20739,0.0767,-2.09907,9,7.89088,10.0,12.81649,False
2012-04,0.99605,0.21503,0.0913,0.68972,9,8.03509,10.0,10.51914,False
2012-05,-0.71249,0.09454,0.10259,-0.90962,9,8.59062,10.0,5.69545,False
2012-06,0.59804,0.11728,0.11334,0.36742,9,9.12398,10.0,5.93696,False
2012-07,-1.73481,0.12277,0.12163,-1.97921,9,9.55619,10.0,8.17207,False
2012-08,-1.26334,0.09243,0.11826,-1.47403,9,9.12252,10.0,4.38232,False
2012-09,-0.37496,0.25976,0.09395,-0.72867,8,9.05465,10.0,8.23445,False
2012-10,-2.41689,0.06754,0.09826,-2.58269,8,9.10614,10.0,5.17137,False
2012-11,-0.51723,0.06747,0.10545,-0.69016,8,9.48484,10.0,4.34375,False
2012-12,0.23605,0.05551,0.11113,0.06941,8,10.22567,10.0,5.29351,False
2013-01,0.84815,0.10395,0.11854,0.62566,8,10.30364,10.0,6.3282,False
2013-02,2.9722,0.18654,0.11991,2.66576,8,9.43859,10.0,13.78352,False
2013-03,1.79845,0.21866,0.13517,1.44462,8,10.59771,10.0,16.61393,False
2013-04,-0.09919,0.11594,0.13497,-0.3501,8,10.22876,10.0,8.24893,False
2013-05,5.2531,0.13181,0.12253,4.99876,8,8.79584,10.0,10.16746,False
2013-06,3.17285,0.13181,0.10744,2.9336,8,7.61507,10.0,10.10122,False
2013-07,2.07664,0.16639,0.09049,1.81976,8,6.43635,10.0,11.39891,False
2013-08,1.32835,0.23449,0.09844,0.99543,9,6.33576,10.0,10.05619,False
2013-09,-2.50666,0.10598,0.10077,-2.71341,9,6.1483,10.0,6.29054,False
2013-10,1.42058,0.23219,0.0743,1.11409,8,4.76436,10.0,13.23405,False
2013-11,3.03615,0.12026,0.06485,2.85104,8,4.93939,10.0,6.36511,False
2013-12,-1.98848,0.09213,0.06808,-2.1487,9,5.19829,10.0,5.13902,False
2014-01,0.06993,0.04396,0.06725,-0.04128,9,5.04167,10.0,2.57237,False
2014-02,0.37395,0.18687,0.081,0.10608,10,5.02622,10.0,7.32799,False
2014-03,2.3753,0.08794,0.09004,2.19733,10,5.26629,10.0,4.33926,False
2014-04,4.40722,0.22904,0.07825,4.09993,9,5.54248,10.0,10.07764,False
2014-05,2.25478,0.17146,0.086,1.99732,10,5.52188,10.0,7.72627,False
2014-06,-1.86842,0.21847,0.07666,-2.16355,9,5.26836,10.0,11.19755,False
2014-07,3.6085,0.13765,0.08227,3.38857,9,5.7427,10.0,10.03106,False
2014-08,2.11499,0.23827,0.0854,1.79133,8,6.08175,10.0,16.40802,False
2014-09,0.97497,0.19291,0.08863,0.69342,9,7.6961,10.0,14.02881,False
2014-10,2.27785,0.20174,0.09025,1.98586,9,7.41504,10.0,10.46838,False
2014-11,-0.17938,0.22858,0.11304,-0.521,9,8.73597,10.0,12.94444,False
2014-12,-1.46555,0.31144,0.10093,-1.87792,8,5.93556,10.0,20.9927,False
2015-01,-0.22547,0.15348,0.11321,-0.49216,9,6.72992,10.0,8.03114,False
2015-02,3.31122,0.0965,0.11826,3.09645,9,7.52729,10.0,5.95781,False
2015-03,5.47963,0.13077,0.12732,5.22153,9,9.10294,10.0,9.69327,False
2015-04,1.81015,0.27301,0.1228,1.41434,9,9.79643,10.0,19.21528,False
2015-05,0.81733,0.17744,0.11758,0.52231,9,10.51179,10.0,9.34353,False
2015-06,-1.65459,0.21963,0.1207,-1.99493,9,9.61953,10.0,11.18913,False
2015-07,2.44256,0.20288,0.12165,2.11804,9,9.28428,10.0,10.62642,False
2015-08,3.54823,0.16284,0.12216,3.26322,9,9.07827,10.0,8.92138,False
2015-09,0.977,0.47175,0.07224,0.43302,8,4.85112,10.0,37.22521,False
2015-10,0.58624,0.21876,0.08188,0.2856,8,5.7859,10.0,10.92648,False
2015-11,-4.30408,0.16242,0.08623,-4.55274,8,5.81437,10.0,7.90999,False
2015-12,0.36098,0.31231,0.1042,-0.05553,9,7.42665,10.0,17.46743,False
2016-01,0.17867,0.41168,0.07569,-0.30869,8,7.68399,10.0,17.13504,False
2016-02,1.30257,0.3064,0.0646,0.93157,7,5.80674,10.0,25.34517,False
2016-03,0.53039,0.22561,0.08053,0.22425,8,7.41173,10.0,19.4514,False
2016-04,-1.35753,0.20092,0.07966,-1.63811,8,8.06806,10.0,11.25371,False
2016-05,-0.85395,0.16268,0.08689,-1.10352,8,8.7349,10.0,11.22465,False
2016-06,1.97144,0.08923,0.089,1.79322,8,9.06563,10.0,5.43622,False
2016-07,2.30641,0.31684,0.06859,1.92098,7,6.18865,10.0,27.83014,False
2016-08,-1.54026,0.12259,0.07131,-1.73415,7,7.36597,10.0,7.96329,False
2016-09,2.31161,0.12142,0.07669,2.1135,6,7.66904,10.0,6.76707,False
2016-10,-1.64649,0.10862,0.08216,-1.83726,6,7.88695,10.0,5.37801,False
2016-11,3.3023,0.20436,0.06703,3.03091,8,6.87679,10.0,15.76414,False
2016-12,0.51904,0.13763,0.05839,0.32302,8,6.30442,10.0,9.28646,False
2017-01,1.61851,0.14048,0.06638,1.41164,9,5.91298,10.0,6.44156,False
2017-02,3.73177,0.15461,0.08273,3.49443,9,6.35722,10.0,8.17433,False
2017-03,-1.76485,0.17697,0.09434,-2.03616,9,6.77178,10.0,10.42241,False
2017-04,1.09063,0.35451,0.12226,0.61385,10,6.44331,10.0,12.15377,False
2017-05,2.38316,0.21723,0.1336,2.03233,10,7.17216,10.0,12.25388,False
2017-06,-0.12198,0.14879,0.15216,-0.42292,10,8.20119,10.0,7.12603,False
2017-07,-0.68895,0.10711,0.16176,-0.95783,10,8.65835,10.0,4.98644,False
2017-08,-3.15382,0.2854,0.16241,-3.60162,10,9.451,10.0,14.64817,False
2017-09,-3.24718,0.29634,0.154,-3.69752,10,9.41655,10.0,9.42438,False
2017-10,-2.57324,0.23059,0.13288,-2.93671,10,9.01011,10.0,9.99299,False
2017-11,-0.5398,0.20218,0.14057,-0.88255,10,8.50045,10.0,8.43673,False
2017-12,-1.1169,0.23219,0.13103,-1.48012,9,9.91482,10.0,14.17274,False
2018-01,1.45881,0.22148,0.12835,1.10899,10,11.06133,10.0,10.66691,False
2018-02,2.81009,0.25214,0.11311,2.44484,11,11.46373,10.0,11.31915,False
2018-03,-3.54539,0.30129,0.1154,-3.96208,10,11.27295,10.0,10.06251,False
2018-04,1.86878,0.16498,0.12583,1.57797,10,10.89507,10.0,7.41418,False
2018-05,6.7656,0.11644,0.14157,6.50759,11,11.29342,10.0,5.49099,False
2018-06,4.50315,0.43058,0.1125,3.96008,10,9.56848,10.0,11.55952,False
2018-07,6.81673,0.2142,0.13147,6.47107,11,10.56777,10.0,9.93548,False
2018-08,0.06069,0.40136,0.11568,-0.45635,10,10.05797,10.0,13.83895,False
2018-09,2.27295,0.34258,0.14123,1.78914,10,8.84202,10.0,12.36635,False
2018-10,0.03511,0.22072,0.14751,-0.33312,10,7.25091,10.0,10.42713,False
2018-11,1.92728,0.34536,0.14256,1.43936,10,5.44856,10.0,24.9685,False
2018-12,-2.35254,0.18846,0.13566,-2.67665,11,5.49868,10.0,11.41866,False
2019-01,4.31853,0.10813,0.14287,4.06753,11,6.03209,10.0,5.78874,False
2019-02,6.06075,0.14211,0.14375,5.77489,11,7.30344,10.0,9.41431,False
2019-03,-0.8028,0.18183,0.14682,-1.13144,11,8.27337,10.0,9.84762,False
2019-04,-0.39281,0.15525,0.13537,-0.68343,11,8.17069,10.0,9.4037,False
2019-05,-3.57051,0.22481,0.12989,-3.92521,10,8.8332,10.0,9.81275,False
2019-06,-2.28028,0.0991,0.13477,-2.51415,11,8.58216,10.0,4.42012,False
2019-07,2.09009,0.12691,0.13268,1.83051,11,8.17789,10.0,5.91296,False
2019-08,0.80502,0.14163,0.12037,0.54302,11,7.58363,10.0,7.34722,False
2019-09,-0.51122,0.09874,0.11684,-0.7268,11,6.88306,10.0,6.54462,False
2019-10,4.33452,0.11509,0.11548,4.10396,11,7.30078,10.0,7.37255,False
2019-11,3.32942,0.14789,0.12304,3.05849,11,7.78052,10.0,7.35209,False
2019-12,3.92746,0.0738,0.12366,3.73001,12,7.90336,10.0,3.81209,False
2020-01,3.71463,0.09153,0.12018,3.50292,12,7.28633,10.0,5.9312,False
2020-02,-13.07854,0.19831,0.11107,-13.38792,12,6.24732,10.0,10.02486,False
2020-03,1.76872,0.27948,0.11209,1.37715,12,5.48805,10.0,8.86907,False
2020-04,1.03013,0.20778,0.09075,0.7316,11,5.2242,10.0,6.97872,False
2020-05,0.70941,0.24224,0.07725,0.38992,11,5.05846,10.0,8.45064,False
2020-06,2.59908,0.06773,0.07978,2.45158,11,5.32653,10.0,2.66818,False
2020-07,5.71717,0.14807,0.09333,5.47577,12,5.41385,10.0,3.82068,False
2020-08,-1.9003,0.12738,0.09674,-2.12441,12,5.68999,10.0,6.05776,False
2020-09,1.98367,0.24906,0.10612,1.62849,16,5.37193,10.0,6.85063,False
2020-10,0.59961,0.16243,0.10905,0.32813,16,5.92998,10.0,5.90913,False
2020-11,1.72589,0.18851,0.12195,1.41542,16,6.12362,10.0,7.17786,False
2020-12,0.56482,0.14228,0.12627,0.29628,16,6.00051,10.0,6.58685,False
2021-01,0.17589,0.11291,0.13175,-0.06877,16,6.12762,10.0,4.11897,False
2021-02,3.15004,0.10991,0.14062,2.89951,16,6.07744,10.0,3.41601,False
2021-03,3.72461,0.21655,0.14927,3.3588,16,6.75067,10.0,6.88494,False
2021-04,0.55648,0.32651,0.14514,0.08483,14,6.84551,10.0,15.83968,False
2021-05,-1.92149,0.34117,0.14107,-2.40373,16,8.30947,10.0,16.80217,False
2021-06,3.39527,0.24343,0.15859,2.99325,16,9.69756,10.0,10.42286,False
2021-07,2.49442,0.15759,0.15311,2.18373,15,9.6162,10.0,6.79181,False
2021-08,1.05417,0.18555,0.14347,0.72516,15,8.86502,10.0,9.93127,False
2021-09,4.94828,0.24004,0.16113,4.54711,16,9.81153,10.0,9.79387,False
2021-10,11.49303,0.23951,0.15537,11.09816,16,10.02182,10.0,7.86301,False
2021-11,8.83826,0.30093,0.13445,8.40288,16,8.85158,10.0,13.61765,False
2021-12,0.48004,0.32195,0.1128,0.04529,15,6.59252,10.0,17.17182,False
2022-01,-1.86404,0.15325,0.11774,-2.13503,15,6.83683,10.0,4.58565,False
2022-02,10.05863,0.12623,0.12377,9.80863,15,7.01447,10.0,4.93036,False
2022-03,-4.4868,0.22176,0.12929,-4.83785,14,7.1795,10.0,7.36447,False
2022-04,2.67871,0.40779,0.09373,2.17719,13,5.71759,10.0,11.78362,False
2022-05,-2.80079,0.2213,0.10905,-3.13114,14,5.39928,10.0,7.75343,False
2022-06,-1.41132,0.15153,0.12014,-1.683,15,5.5044,10.0,5.58069,False
2022-07,1.53174,0.10634,0.11867,1.30673,15,5.39913,10.0,3.89192,False
2022-08,-0.52021,0.07285,0.11988,-0.71294,15,5.46941,10.0,2.54709,False
2022-09,0.70412,0.08042,0.12382,0.49988,16,5.34794,10.0,2.59536,False
2022-10,-4.82492,0.16611,0.12118,-5.11221,15,4.71652,10.0,5.35757,False
2022-11,3.00362,0.15507,0.12376,2.7248,15,4.65229,10.0,4.19733,False
2022-12,0.4677,0.18478,0.10865,0.17427,15,4.77573,10.0,3.56193,False
2023-01,0.34377,0.05446,0.10872,0.18059,15,4.84771,10.0,1.91,False
2023-02,1.25704,0.10124,0.10066,1.05514,14,4.59544,10.0,3.27778,False
2023-03,1.50097,0.06826,0.10418,1.32853,15,4.88226,10.0,2.41179,False
2023-04,-0.35069,0.22148,0.10105,-0.67322,15,4.98286,10.0,7.3214,False
2023-05,-0.18438,0.12882,0.10066,-0.41386,15,5.1331,10.0,4.01388,False
2023-06,-0.78049,0.13269,0.11061,-1.02379,15,5.71281,10.0,4.84444,False
2023-07,-0.3594,0.10319,0.11656,-0.57915,15,5.99895,10.0,3.08684,False
2023-08,-2.41718,0.0865,0.11499,-2.61867,15,5.92785,10.0,2.85548,False
2023-09,-3.38679,0.15364,0.10176,-3.64218,14,5.5032,10.0,5.90683,False
2023-10,4.49483,0.08343,0.10304,4.30836,14,5.73973,10.0,2.78835,False
2023-11,-0.24916,0.08314,0.10726,-0.43956,14,6.18998,10.0,3.80602,False
2023-12,0.70898,0.11331,0.10248,0.49318,13,6.36146,10.0,4.10354,False
2024-01,-0.8261,0.06784,0.10724,-1.00118,13,6.60151,10.0,2.63955,False
2024-02,0.31585,0.12173,0.11981,0.07432,13,7.04365,10.0,3.78005,False
2024-03,-2.61863,0.14599,0.12886,-2.89348,12,7.44664,10.0,5.32607,False
2024-04,3.02147,0.29216,0.12113,2.60818,13,7.74718,10.0,8.97062,False
2024-05,-2.00119,0.1779,0.10617,-2.28526,11,7.59555,10.0,8.50866,False
2024-06,0.98948,0.1009,0.1125,0.77608,11,8.43279,10.0,5.93647,False
2024-07,2.03744,0.08579,0.12227,1.82938,11,8.96139,10.0,4.53994,False
2024-08,0.40305,0.05497,0.12765,0.22043,11,9.58654,10.0,4.05501,False
2024-09,-1.27194,0.22605,0.13579,-1.63379,13,9.20622,10.0,9.4163,False
2024-10,-1.68213,0.15354,0.12354,-1.95921,12,7.78359,10.0,8.57072,False
2024-11,-0.83195,0.11721,0.12375,-1.07291,14,7.87117,10.0,6.77857,False
2024-12,-0.37416,0.10578,0.13115,-0.61109,14,8.22459,10.0,4.28845,False
2025-01,3.82789,0.13956,0.1493,3.53903,14,9.77141,10.0,8.63981,False
2025-02,6.70775,0.07653,0.15532,6.47589,14,10.22026,10.0,5.66166,False
2025-03,1.51528,0.47554,0.13241,0.90734,13,10.75443,10.0,18.00635,False
2025-04,4.77214,0.48646,0.13981,4.14587,14,10.52859,10.0,22.83703,False
2025-05,4.09913,0.36768,0.15395,3.5775,14,10.23107,10.0,18.28955,False
2025-06,-0.10465,0.22964,0.16252,-0.4968,14,9.359,10.0,11.52005,False
2025-07,6.23153,0.21059,0.17938,5.84155,16,9.56462,10.0,11.2739,False
2025-08,1.15444,0.30202,0.1745,0.67791,15,9.05447,10.0,12.42715,False
2025-09,1.55913,0.15596,0.18163,1.22154,15,9.25809,10.0,6.48259,False
2025-10,-0.80227,0.15586,0.18016,-1.13828,15,9.09251,10.0,7.48316,False
2025-11,-2.48672,0.16917,0.17269,-2.82857,15,9.2249,10.0,6.89965,False
2025-12,-2.27401,0.15105,0.16305,-2.58811,14,8.58792,10.0,7.79042,False
2026-01,2.3893,0.11994,0.15758,2.11178,14,8.19611,10.0,5.73408,False
2026-02,-0.36595,0.13489,0.1635,-0.66434,14,8.55214,10.0,7.35365,False
2026-03,0.82323,0.11595,0.15991,0.54736,15,7.89637,10.0,6.30185,False
2026-04,-3.81748,0.23217,0.15978,-4.20943,15,8.28036,10.0,8.95523,False
2026-05,-1.35469,0.22602,0.1554,-1.73611,15,8.58012,10.0,10.84378,False
2026-06,-1.18321,0.19248,0.15133,-1.52702,15,9.49758,10.0,8.871,False
2026-07,-0.24417,0.52841,0.12115,-0.89372,14,10.31065,10.0,20.40011,False
2026-08,0.0,0.72349,0.0,-0.72349,0,0.0,,45.08627,False
2026-09,0.0,0.0,0.0,0.0,0,0.0,,0.0,False
