date,alpha,source,train_months,inflation_pressure,real_carry,terms_of_trade,fiscal_thrust,fx_passthrough,credit_shortfall
2008-01,,parity,0,0.1667,0.1667,0.1667,0.1667,0.1667,0.1667
2008-02,,parity,0,0.1667,0.1667,0.1667,0.1667,0.1667,0.1667
2008-03,,parity,1,0.1667,0.1667,0.1667,0.1667,0.1667,0.1667
2008-04,,parity,2,0.1667,0.1667,0.1667,0.1667,0.1667,0.1667
2008-05,,parity,3,0.1667,0.1667,0.1667,0.1667,0.1667,0.1667
2008-06,,parity,4,0.1667,0.1667,0.1667,0.1667,0.1667,0.1667
2008-07,,parity,5,0.1667,0.1667,0.1667,0.1667,0.1667,0.1667
2008-08,,parity,6,0.1667,0.1667,0.1667,0.1667,0.1667,0.1667
2008-09,,parity,7,0.1667,0.1667,0.1667,0.1667,0.1667,0.1667
2008-10,,parity,8,0.1667,0.1667,0.1667,0.1667,0.1667,0.1667
2008-11,,parity,9,0.1667,0.1667,0.1667,0.1667,0.1667,0.1667
2008-12,,parity,10,0.1667,0.1667,0.1667,0.1667,0.1667,0.1667
2009-01,,parity,11,0.1667,0.1667,0.1667,0.1667,0.1667,0.1667
2009-02,,parity,12,0.1667,0.1667,0.1667,0.1667,0.1667,0.1667
2009-03,,parity,13,0.1667,0.1667,0.1667,0.1667,0.1667,0.1667
2009-04,,parity,14,0.1667,0.1667,0.1667,0.1667,0.1667,0.1667
2009-05,,parity,15,0.1667,0.1667,0.1667,0.1667,0.1667,0.1667
2009-06,,parity,16,0.1667,0.1667,0.1667,0.1667,0.1667,0.1667
2009-07,,parity,17,0.1667,0.1667,0.1667,0.1667,0.1667,0.1667
2009-08,,parity,18,0.1667,0.1667,0.1667,0.1667,0.1667,0.1667
2009-09,,parity,19,0.1667,0.1667,0.1667,0.1667,0.1667,0.1667
2009-10,,parity,20,0.1667,0.1667,0.1667,0.1667,0.1667,0.1667
2009-11,,parity,21,0.1667,0.1667,0.1667,0.1667,0.1667,0.1667
2009-12,,parity,22,0.1667,0.1667,0.1667,0.1667,0.1667,0.1667
2010-01,,parity,23,0.1667,0.1667,0.1667,0.1667,0.1667,0.1667
2010-02,,parity,24,0.1667,0.1667,0.1667,0.1667,0.1667,0.1667
2010-03,,parity,25,0.1667,0.1667,0.1667,0.1667,0.1667,0.1667
2010-04,,parity,26,0.1667,0.1667,0.1667,0.1667,0.1667,0.1667
2010-05,,parity,27,0.1667,0.1667,0.1667,0.1667,0.1667,0.1667
2010-06,,parity,28,0.1667,0.1667,0.1667,0.1667,0.1667,0.1667
2010-07,,parity,29,0.1667,0.1667,0.1667,0.1667,0.1667,0.1667
2010-08,,parity,30,0.1667,0.1667,0.1667,0.1667,0.1667,0.1667
2010-09,,parity,31,0.1667,0.1667,0.1667,0.1667,0.1667,0.1667
2010-10,,parity,32,0.1667,0.1667,0.1667,0.1667,0.1667,0.1667
2010-11,,parity,33,0.1667,0.1667,0.1667,0.1667,0.1667,0.1667
2010-12,,parity,34,0.1667,0.1667,0.1667,0.1667,0.1667,0.1667
2011-01,,parity,35,0.1667,0.1667,0.1667,0.1667,0.1667,0.1667
2011-02,10.0,ridge,36,0.0,0.3398,0.0,0.2239,0.0,0.4364
2011-03,10.0,ridge,37,0.0,0.3518,0.0,0.2328,0.0,0.4154
2011-04,1.0,ridge,38,0.0,0.266,0.0,0.2971,0.0,0.4369
2011-05,10.0,ridge,39,0.0,0.3403,0.0,0.3037,0.0,0.356
2011-06,10.0,ridge,40,0.0,0.308,0.0,0.342,0.0,0.3499
2011-07,1.0,ridge,41,0.0,0.4044,0.0,0.2887,0.0,0.3069
2011-08,1.0,ridge,42,0.0,0.4306,0.0,0.2439,0.0,0.3255
2011-09,100.0,ridge,43,0.0,0.413,0.0,0.2379,0.0,0.3491
2011-10,1.0,ridge,44,0.0,0.3811,0.0,0.3325,0.0,0.2864
2011-11,1.0,ridge,45,0.0,0.3045,0.0,0.3161,0.0,0.3794
2011-12,100.0,ridge,46,0.0,0.2178,0.0,0.309,0.0,0.4732
2012-01,100.0,ridge,47,0.0,0.1806,0.0,0.3155,0.0,0.504
2012-02,1000.0,ridge,48,0.0,0.2409,0.0,0.3099,0.0,0.4492
2012-03,100.0,ridge,49,0.0,0.3513,0.0,0.2903,0.0,0.3584
2012-04,100.0,ridge,50,0.0,0.3672,0.0,0.2563,0.0,0.3765
2012-05,1.0,ridge,51,0.0,0.414,0.0,0.2324,0.0,0.3535
2012-06,1.0,ridge,52,0.0,0.3729,0.0,0.2714,0.0,0.3557
2012-07,1.0,ridge,53,0.0,0.4497,0.0,0.2091,0.0,0.3412
2012-08,1.0,ridge,54,0.0,0.4207,0.0,0.2571,0.0,0.3222
2012-09,1.0,ridge,55,0.0,0.4308,0.0,0.2773,0.0,0.2919
2012-10,10.0,ridge,56,0.0,0.4547,0.0,0.2609,0.0,0.2844
2012-11,100.0,ridge,57,0.0,0.4697,0.0,0.2885,0.0,0.2418
2012-12,10.0,ridge,58,0.0,0.4645,0.0,0.3099,0.0,0.2255
2013-01,10.0,ridge,59,0.0,0.493,0.0,0.2603,0.0,0.2467
2013-02,10.0,ridge,60,0.0,0.4882,0.0,0.2294,0.0,0.2825
2013-03,10.0,ridge,61,0.0,0.5006,0.0,0.2163,0.0,0.2831
2013-04,1.0,ridge,62,0.0,0.4939,0.0,0.2057,0.0,0.3003
2013-05,1000.0,ridge,63,0.0,0.5819,0.0032,0.0535,0.0,0.3615
2013-06,1000.0,ridge,64,0.0,0.6419,0.0109,0.0158,0.0,0.3314
2013-07,1000.0,ridge,65,0.0,0.5861,0.0,0.09,0.0,0.3239
2013-08,1.0,ridge,66,0.0,0.5834,0.0,0.2128,0.0,0.2038
2013-09,1.0,ridge,67,0.0,0.608,0.0,0.2221,0.0,0.1699
2013-10,1.0,ridge,68,0.0,0.6061,0.0,0.2178,0.0,0.1762
2013-11,1.0,ridge,69,0.0,0.6223,0.0,0.2134,0.0,0.1643
2013-12,1.0,ridge,70,0.0,0.703,0.0,0.1698,0.0,0.1272
2014-01,10.0,ridge,71,0.0,0.6658,0.0,0.2013,0.0,0.1329
2014-02,10.0,ridge,72,0.0,0.6601,0.0,0.2052,0.0,0.1347
2014-03,10.0,ridge,73,0.0,0.6843,0.0,0.2043,0.0,0.1113
2014-04,10.0,ridge,74,0.0,0.6669,0.0,0.2075,0.0,0.1256
2014-05,10.0,ridge,75,0.0,0.7184,0.0,0.1998,0.0,0.0818
2014-06,1.0,ridge,76,0.0,0.7033,0.0,0.1784,0.0,0.1183
2014-07,1.0,ridge,77,0.0,0.7241,0.0,0.1729,0.0,0.1031
2014-08,1.0,ridge,78,0.0,0.7347,0.0,0.1765,0.0,0.0888
2014-09,1.0,ridge,79,0.0,0.7242,0.0,0.1894,0.0,0.0864
2014-10,1.0,ridge,80,0.0,0.7034,0.0,0.2371,0.0,0.0595
2014-11,1.0,ridge,81,0.0,0.7082,0.0,0.2502,0.0,0.0416
2014-12,1.0,ridge,82,0.0,0.6883,0.0,0.2727,0.0,0.039
2015-01,1.0,ridge,83,0.0,0.6857,0.0,0.2824,0.0,0.0318
2015-02,1.0,ridge,84,0.0,0.6927,0.0,0.2646,0.0,0.0426
2015-03,1.0,ridge,85,0.0,0.7126,0.0,0.2502,0.0,0.0372
2015-04,100.0,ridge,86,0.0,0.6922,0.0,0.2727,0.0,0.0351
2015-05,1.0,ridge,87,0.0,0.7067,0.0,0.2933,0.0,0.0
2015-06,1.0,ridge,88,0.0,0.6848,0.0,0.2927,0.0,0.0225
2015-07,1.0,ridge,89,0.0,0.6391,0.0,0.291,0.0,0.0699
2015-08,1.0,ridge,90,0.0,0.7086,0.0,0.2735,0.0,0.018
2015-09,1000.0,ridge,91,0.0,0.6847,0.0,0.2169,0.0,0.0985
2015-10,1.0,ridge,92,0.0,0.6821,0.0,0.2328,0.0,0.0851
2015-11,1.0,ridge,93,0.0,0.6998,0.0,0.2448,0.0,0.0554
2015-12,1.0,ridge,94,0.0,0.7006,0.0,0.2595,0.0,0.0398
2016-01,1.0,ridge,95,0.0,0.6685,0.0,0.2913,0.0,0.0401
2016-02,1.0,ridge,96,0.0,0.6834,0.0,0.3068,0.0,0.0098
2016-03,1.0,ridge,97,0.0,0.698,0.0,0.302,0.0,0.0
2016-04,1.0,ridge,98,0.0,0.7006,0.0,0.2994,0.0,0.0
2016-05,1000.0,ridge,99,0.0,0.6813,0.0,0.2603,0.0,0.0585
2016-06,1000.0,ridge,100,0.0,0.6787,0.0,0.2377,0.0,0.0835
2016-07,100.0,ridge,101,0.0,0.6989,0.0,0.2823,0.0,0.0188
2016-08,1000.0,ridge,102,0.0,0.7023,0.0,0.2248,0.0,0.0729
2016-09,1000.0,ridge,103,0.0,0.7036,0.0,0.2146,0.0,0.0818
2016-10,1000.0,ridge,104,0.0,0.6802,0.0,0.2053,0.0,0.1146
2016-11,1000.0,ridge,105,0.0,0.6905,0.0,0.1772,0.0,0.1324
2016-12,1000.0,ridge,106,0.0,0.6906,0.0,0.1285,0.0,0.1809
2017-01,1000.0,ridge,107,0.0,0.6844,0.0,0.1425,0.0,0.1732
2017-02,100.0,ridge,108,0.0,0.7488,0.0,0.1613,0.0,0.0899
2017-03,1000.0,ridge,109,0.0,0.7356,0.0,0.149,0.0,0.1153
2017-04,1000.0,ridge,110,0.0,0.7445,0.0,0.1476,0.0,0.1079
2017-05,1000.0,ridge,111,0.0,0.7501,0.0,0.1516,0.0,0.0983
2017-06,100.0,ridge,112,0.0,0.7799,0.0,0.1596,0.0,0.0605
2017-07,100.0,ridge,113,0.0,0.7782,0.0,0.1573,0.0,0.0644
2017-08,1000.0,ridge,114,0.0,0.7648,0.0,0.123,0.0,0.1122
2017-09,100.0,ridge,115,0.0,0.7755,0.0,0.1511,0.0,0.0735
2017-10,1000.0,ridge,116,0.0,0.7136,0.0,0.1355,0.0,0.1509
2017-11,100.0,ridge,117,0.0,0.7035,0.0,0.1567,0.0,0.1399
2017-12,1000.0,ridge,118,0.0,0.6406,0.0,0.1781,0.0,0.1814
2018-01,100.0,ridge,119,0.0,0.6813,0.0,0.205,0.0,0.1136
2018-02,100.0,ridge,120,0.0,0.7356,0.0,0.1962,0.0,0.0682
2018-03,10.0,ridge,121,0.0,0.7367,0.0,0.2015,0.0,0.0618
2018-04,100.0,ridge,122,0.0,0.7056,0.0,0.1926,0.0,0.1018
2018-05,10.0,ridge,123,0.0,0.6564,0.0,0.2328,0.0,0.1108
2018-06,1000.0,ridge,124,0.01,0.6312,0.0,0.2253,0.0,0.1335
2018-07,1000.0,ridge,125,0.0305,0.619,0.0,0.2512,0.0,0.0993
2018-08,10.0,ridge,126,0.0,0.6057,0.0,0.2565,0.0689,0.0689
2018-09,1000.0,ridge,127,0.043,0.5255,0.0,0.2304,0.1059,0.0952
2018-10,1000.0,ridge,128,0.0011,0.6085,0.0,0.2308,0.0843,0.0753
2018-11,1000.0,ridge,129,0.0015,0.5913,0.0,0.2385,0.0848,0.084
2018-12,1000.0,ridge,130,0.0,0.6014,0.0,0.2249,0.0754,0.0983
2019-01,100.0,ridge,131,0.0,0.5776,0.0,0.2291,0.1084,0.0849
2019-02,100.0,ridge,132,0.0,0.5803,0.0,0.237,0.094,0.0887
2019-03,1000.0,ridge,133,0.0,0.6361,0.0,0.1937,0.066,0.1042
2019-04,100.0,ridge,134,0.0,0.6113,0.0,0.2136,0.087,0.0881
2019-05,100.0,ridge,135,0.0,0.6081,0.0,0.2242,0.0941,0.0737
2019-06,1000.0,ridge,136,0.0178,0.6071,0.0,0.1981,0.052,0.125
2019-07,1000.0,ridge,137,0.019,0.6131,0.0,0.2034,0.0567,0.1079
2019-08,10.0,ridge,138,0.0,0.575,0.0,0.2396,0.0837,0.1017
2019-09,1000.0,ridge,139,0.0141,0.5784,0.0,0.2166,0.0903,0.1006
2019-10,1000.0,ridge,140,0.0083,0.5927,0.0,0.2079,0.0895,0.1016
2019-11,100.0,ridge,141,0.0,0.5533,0.0,0.2224,0.1275,0.0968
2019-12,10.0,ridge,142,0.0,0.5662,0.0,0.2144,0.1357,0.0837
2020-01,10.0,ridge,143,0.0,0.5703,0.0,0.2229,0.14,0.0667
2020-02,10.0,ridge,144,0.0,0.5769,0.0,0.2214,0.1561,0.0456
2020-03,10.0,ridge,145,0.0,0.5793,0.0,0.2319,0.1509,0.0379
2020-04,1000.0,ridge,146,0.0,0.5399,0.0,0.2058,0.1621,0.0922
2020-05,1000.0,ridge,147,0.0,0.536,0.0,0.2034,0.1825,0.0782
2020-06,1000.0,ridge,148,0.0,0.534,0.0,0.2053,0.1887,0.072
2020-07,1000.0,ridge,149,0.0,0.5272,0.0,0.1961,0.1951,0.0816
2020-08,1000.0,ridge,150,0.0,0.5355,0.0,0.204,0.1905,0.0701
2020-09,1.0,ridge,151,0.0,0.5263,0.0,0.2174,0.1905,0.0657
2020-10,1.0,ridge,152,0.0,0.5236,0.0,0.216,0.1954,0.065
2020-11,1.0,ridge,153,0.0,0.5133,0.0,0.2178,0.2006,0.0683
2020-12,1.0,ridge,154,0.0,0.5335,0.0,0.2081,0.1848,0.0736
2021-01,1.0,ridge,155,0.0,0.532,0.0,0.2166,0.1813,0.0701
2021-02,1.0,ridge,156,0.0,0.542,0.0,0.2134,0.1808,0.0638
2021-03,1.0,ridge,157,0.0,0.5604,0.0,0.2025,0.1757,0.0614
2021-04,1.0,ridge,158,0.0,0.5561,0.0,0.204,0.1701,0.0698
2021-05,100.0,ridge,159,0.0,0.5599,0.0,0.198,0.1702,0.0719
2021-06,100.0,ridge,160,0.0,0.5715,0.0,0.1938,0.1641,0.0707
2021-07,1000.0,ridge,161,0.0,0.6081,0.0,0.1856,0.1376,0.0687
2021-08,100.0,ridge,162,0.0,0.5493,0.0,0.2186,0.1464,0.0857
2021-09,100.0,ridge,163,0.0,0.5524,0.0,0.2309,0.1411,0.0756
2021-10,100.0,ridge,164,0.0,0.5483,0.0,0.2235,0.1432,0.085
2021-11,100.0,ridge,165,0.0,0.5698,0.0,0.2197,0.121,0.0895
2021-12,1000.0,ridge,166,0.0111,0.6619,0.0,0.2042,0.0929,0.03
2022-01,1.0,ridge,167,0.0,0.6317,0.0,0.2076,0.1134,0.0472
2022-02,1000.0,ridge,168,0.0,0.6856,0.0,0.1769,0.0797,0.0578
2022-03,1000.0,ridge,169,0.0,0.6774,0.0,0.1705,0.0933,0.0588
2022-04,1000.0,ridge,170,0.0,0.7169,0.0,0.1719,0.0551,0.0561
2022-05,100.0,ridge,171,0.0,0.6335,0.0,0.2157,0.0473,0.1034
2022-06,1.0,ridge,172,0.0,0.6301,0.0,0.2246,0.0534,0.0918
2022-07,100.0,ridge,173,0.0,0.6181,0.0,0.2246,0.0495,0.1078
2022-08,100.0,ridge,174,0.0,0.617,0.0,0.2284,0.0561,0.0985
2022-09,100.0,ridge,175,0.0,0.5797,0.0,0.2271,0.0789,0.1142
2022-10,100.0,ridge,176,0.0,0.5489,0.0,0.2366,0.0865,0.1279
2022-11,1000.0,ridge,177,0.0,0.5864,0.0,0.2184,0.0847,0.1105
2022-12,1.0,ridge,178,0.0,0.5404,0.0,0.2173,0.1159,0.1264
2023-01,100.0,ridge,179,0.0,0.5562,0.0,0.2152,0.1066,0.1221
2023-02,100.0,ridge,180,0.0,0.568,0.0,0.206,0.103,0.1231
2023-03,100.0,ridge,181,0.0,0.5622,0.0,0.208,0.1069,0.1229
2023-04,100.0,ridge,182,0.0,0.5654,0.0,0.2086,0.1029,0.123
2023-05,100.0,ridge,183,0.0,0.5631,0.0,0.2063,0.1097,0.1208
2023-06,100.0,ridge,184,0.0,0.5657,0.0,0.2018,0.1133,0.1192
2023-07,100.0,ridge,185,0.0,0.5513,0.0,0.2076,0.1208,0.1203
2023-08,1.0,ridge,186,0.0,0.5391,0.0,0.2086,0.1253,0.127
2023-09,1.0,ridge,187,0.0,0.5445,0.0,0.2017,0.1271,0.1267
2023-10,1.0,ridge,188,0.0,0.5442,0.0,0.1935,0.1325,0.1298
2023-11,1.0,ridge,189,0.0,0.5287,0.0,0.2023,0.1282,0.1409
2023-12,1.0,ridge,190,0.0,0.5437,0.0,0.1961,0.1361,0.1241
2024-01,100.0,ridge,191,0.0,0.5576,0.0,0.1896,0.1408,0.112
2024-02,1000.0,ridge,192,0.0,0.5913,0.0,0.1731,0.1285,0.1071
2024-03,1000.0,ridge,193,0.0,0.5893,0.0,0.1764,0.1254,0.109
2024-04,1000.0,ridge,194,0.0,0.5906,0.0,0.1767,0.1261,0.1066
2024-05,1000.0,ridge,195,0.0,0.5852,0.0,0.1703,0.1289,0.1156
2024-06,1.0,ridge,196,0.0,0.5422,0.0,0.1889,0.1414,0.1274
2024-07,100.0,ridge,197,0.0,0.5408,0.0,0.1954,0.1403,0.1235
2024-08,100.0,ridge,198,0.0,0.5369,0.0,0.1964,0.1394,0.1273
2024-09,100.0,ridge,199,0.0,0.5305,0.0,0.1981,0.1434,0.128
2024-10,100.0,ridge,200,0.0,0.5216,0.0,0.2067,0.1433,0.1284
2024-11,100.0,ridge,201,0.0,0.5171,0.0,0.213,0.145,0.1249
2024-12,1000.0,ridge,202,0.0,0.5353,0.0,0.2066,0.1441,0.114
2025-01,1000.0,ridge,203,0.0,0.5095,0.0,0.2118,0.1629,0.1158
2025-02,1000.0,ridge,204,0.0,0.5233,0.0,0.2093,0.1543,0.1131
2025-03,1000.0,ridge,205,0.0,0.5128,0.0,0.2188,0.1598,0.1086
2025-04,1000.0,ridge,206,0.0,0.5346,0.0,0.2209,0.1574,0.0871
2025-05,1000.0,ridge,207,0.0,0.5539,0.0,0.2175,0.1428,0.0858
2025-06,1000.0,ridge,208,0.0,0.5662,0.0011,0.212,0.1392,0.0815
2025-07,1000.0,ridge,209,0.0,0.5528,0.0137,0.2169,0.1337,0.0829
2025-08,1000.0,ridge,210,0.0,0.5741,0.0,0.208,0.1329,0.085
2025-09,1.0,ridge,211,0.0,0.5263,0.0034,0.229,0.1432,0.098
2025-10,1000.0,ridge,212,0.0,0.587,0.0,0.207,0.1336,0.0724
2025-11,1000.0,ridge,213,0.0,0.5918,0.0,0.1911,0.1424,0.0748
2025-12,1000.0,ridge,214,0.0,0.5933,0.0,0.184,0.1339,0.0887
2026-01,1000.0,ridge,215,0.0,0.5812,0.0,0.186,0.1412,0.0916
2026-02,1000.0,ridge,216,0.0,0.5674,0.0,0.1835,0.1543,0.0947
2026-03,1000.0,ridge,217,0.0,0.5787,0.0,0.1752,0.1527,0.0934
2026-04,10.0,ridge,218,0.0,0.5253,0.0,0.1958,0.165,0.1138
2026-05,10.0,ridge,219,0.0,0.5178,0.0,0.1956,0.1776,0.1091
2026-06,10.0,ridge,220,0.0,0.5105,0.0,0.1936,0.1807,0.1151
2026-07,1000.0,ridge,221,0.0,0.5424,0.0,0.1824,0.1697,0.1055
2026-08,100.0,ridge,222,0.0,0.5208,0.0,0.1903,0.17,0.1189
2026-09,1000.0,ridge,223,0.0,0.5496,0.0,0.1866,0.1626,0.1012
