ccy,inflation_pressure,real_carry,terms_of_trade,fiscal_thrust,fx_passthrough,credit_shortfall,composite
MXN,1.16,1.364,1.067,0.626,0.345,-0.601,2.055
MYR,0.016,1.256,1.578,0.12,-1.254,-0.633,1.06
KRW,-0.393,-0.017,-1.678,0.399,1.608,0.729,0.955
BRL,0.283,0.754,0.582,-1.654,0.694,-1.019,0.276
CLP,-0.367,0.003,1.258,0.554,-1.179,1.447,0.143
IDR,0.821,0.585,0.717,-0.19,-0.941,-0.793,0.125
CZK,0.882,-0.165,-0.481,0.832,0.078,-0.55,0.052
PHP,-1.911,-0.088,-0.35,0.517,-0.328,0.0,-0.013
ZAR,-0.302,-0.051,-0.212,-0.817,0.921,-0.471,-0.187
INR,-0.075,0.501,-0.979,-0.947,-0.224,-1.417,-0.193
HUF,1.549,-0.61,-0.01,-0.033,1.328,-0.046,-0.311
PLN,0.113,0.32,-0.101,-1.654,-0.925,0.784,-0.486
TRY,0.135,-2.41,0.249,2.01,1.016,1.782,-1.44
THB,-1.911,-1.442,-1.641,0.237,-1.141,0.788,-2.036
